code,industry,cat,category
A000,"Agriculture, Forestry and Fishing, nfd",A,"Agriculture, forestry and fishing"
0100,"Agriculture, nfd",A,"Agriculture, forestry and fishing"
0110,"Nursery and Floriculture Production, nfd",A,"Agriculture, forestry and fishing"
0111,Nursery Production (Under Cover),A,"Agriculture, forestry and fishing"
0112,Nursery Production (Outdoors),A,"Agriculture, forestry and fishing"
0113,Turf Growing,A,"Agriculture, forestry and fishing"
0114,Floriculture Production (Under Cover),A,"Agriculture, forestry and fishing"
0115,Floriculture Production (Outdoors),A,"Agriculture, forestry and fishing"
0120,"Mushroom and Vegetable Growing, nfd",A,"Agriculture, forestry and fishing"
0121,Mushroom Growing,A,"Agriculture, forestry and fishing"
0122,Vegetable Growing (Under Cover),A,"Agriculture, forestry and fishing"
0123,Vegetable Growing (Outdoors),A,"Agriculture, forestry and fishing"
0130,"Fruit and Tree Nut Growing, nfd",A,"Agriculture, forestry and fishing"
0131,Grape Growing,A,"Agriculture, forestry and fishing"
0132,Kiwifruit Growing,A,"Agriculture, forestry and fishing"
0133,Berry Fruit Growing,A,"Agriculture, forestry and fishing"
0134,Apple and Pear Growing,A,"Agriculture, forestry and fishing"
0135,Stone Fruit Growing,A,"Agriculture, forestry and fishing"
0136,Citrus Fruit Growing,A,"Agriculture, forestry and fishing"
0137,Olive Growing,A,"Agriculture, forestry and fishing"
0139,Other Fruit and Tree Nut Growing,A,"Agriculture, forestry and fishing"
0140,"Sheep, Beef Cattle and Grain Farming, nfd",A,"Agriculture, forestry and fishing"
0141,Sheep Farming (Specialised),A,"Agriculture, forestry and fishing"
0142,Beef Cattle Farming (Specialised),A,"Agriculture, forestry and fishing"
0143,Beef Cattle Feedlots (Specialised),A,"Agriculture, forestry and fishing"
0144,Sheep-Beef Cattle Farming,A,"Agriculture, forestry and fishing"
0145,Grain-Sheep or Grain-Beef Cattle Farming,A,"Agriculture, forestry and fishing"
0146,Rice Growing,A,"Agriculture, forestry and fishing"
0149,Other Grain Growing,A,"Agriculture, forestry and fishing"
0150,"Other Crop Growing, nfd",A,"Agriculture, forestry and fishing"
0151,Sugar Cane Growing,A,"Agriculture, forestry and fishing"
0152,Cotton Growing,A,"Agriculture, forestry and fishing"
0159,Other Crop Growing nec,A,"Agriculture, forestry and fishing"
0160,Dairy Cattle Farming,A,"Agriculture, forestry and fishing"
0170,"Poultry Farming, nfd",A,"Agriculture, forestry and fishing"
0171,Poultry Farming (Meat),A,"Agriculture, forestry and fishing"
0172,Poultry Farming (Eggs),A,"Agriculture, forestry and fishing"
0180,Deer Farming,A,"Agriculture, forestry and fishing"
0190,"Other Livestock Farming, nfd",A,"Agriculture, forestry and fishing"
0191,Horse Farming,A,"Agriculture, forestry and fishing"
0192,Pig Farming,A,"Agriculture, forestry and fishing"
0193,Beekeeping,A,"Agriculture, forestry and fishing"
0199,Other Livestock Farming nec,A,"Agriculture, forestry and fishing"
0200,"Aquaculture, nfd",A,"Agriculture, forestry and fishing"
0201,Offshore Longline and Rack Aquaculture,A,"Agriculture, forestry and fishing"
0202,Offshore Caged Aquaculture,A,"Agriculture, forestry and fishing"
0203,Onshore Aquaculture,A,"Agriculture, forestry and fishing"
0300,"Forestry and Logging, nfd",A,"Agriculture, forestry and fishing"
0301,Forestry,A,"Agriculture, forestry and fishing"
0302,Logging,A,"Agriculture, forestry and fishing"
0400,"Fishing, Hunting and Trapping, nfd",A,"Agriculture, forestry and fishing"
0410,"Fishing, nfd",A,"Agriculture, forestry and fishing"
0411,Rock Lobster and Crab Potting,A,"Agriculture, forestry and fishing"
0412,Prawn Fishing,A,"Agriculture, forestry and fishing"
0413,Line Fishing,A,"Agriculture, forestry and fishing"
0414,"Fish Trawling, Seining and Netting",A,"Agriculture, forestry and fishing"
0419,Other Fishing,A,"Agriculture, forestry and fishing"
0420,Hunting and Trapping,A,"Agriculture, forestry and fishing"
0500,"Agriculture, Forestry and Fishing Support Services, nfd",A,"Agriculture, forestry and fishing"
0510,Forestry Support Services,A,"Agriculture, forestry and fishing"
0520,"Agriculture and Fishing Support Services, nfd",A,"Agriculture, forestry and fishing"
0521,Cotton Ginning,A,"Agriculture, forestry and fishing"
0522,Shearing Services,A,"Agriculture, forestry and fishing"
0529,Other Agriculture and Fishing Support Services,A,"Agriculture, forestry and fishing"
B000,"Mining, nfd",B,Mining
0600,Coal Mining,B,Mining
0700,Oil and Gas Extraction,B,Mining
0800,"Metal Ore Mining, nfd",B,Mining
0801,Iron Ore Mining,B,Mining
0802,Bauxite Mining,B,Mining
0803,Copper Ore Mining,B,Mining
0804,Gold Ore Mining,B,Mining
0805,Mineral Sand Mining,B,Mining
0806,Nickel Ore Mining,B,Mining
0807,Silver-Lead-Zinc Ore Mining,B,Mining
0809,Other Metal Ore Mining,B,Mining
0900,"Non-Metallic Mineral Mining and Quarrying, nfd",B,Mining
0910,"Construction Material Mining, nfd",B,Mining
0911,Gravel and Sand Quarrying,B,Mining
0919,Other Construction Material Mining,B,Mining
0990,Other Non-Metallic Mineral Mining and Quarrying,B,Mining
1000,"Exploration and Other Mining Support Services, nfd",B,Mining
1010,"Exploration, nfd",B,Mining
1011,Petroleum Exploration,B,Mining
1012,Mineral Exploration,B,Mining
1090,Other Mining Support Services,B,Mining
C000,"Manufacturing, nfd",C,Manufacturing
1100,"Food Product Manufacturing, nfd",C,Manufacturing
1110,"Meat and Meat Product Manufacturing, nfd",C,Manufacturing
1111,Meat Processing,C,Manufacturing
1112,Poultry Processing,C,Manufacturing
1113,Cured Meat and Smallgoods Manufacturing,C,Manufacturing
1120,Seafood Processing,C,Manufacturing
1130,"Dairy Product Manufacturing, nfd",C,Manufacturing
1131,Milk and Cream Processing,C,Manufacturing
1132,Ice Cream Manufacturing,C,Manufacturing
1133,Cheese and Other Dairy Product Manufacturing,C,Manufacturing
1140,Fruit and Vegetable Processing,C,Manufacturing
1150,Oil and Fat Manufacturing,C,Manufacturing
1160,"Grain Mill and Cereal Product Manufacturing, nfd",C,Manufacturing
1161,Grain Mill Product Manufacturing,C,Manufacturing
1162,"Cereal, Pasta and Baking Mix Manufacturing",C,Manufacturing
1170,"Bakery Product Manufacturing, nfd",C,Manufacturing
1171,Bread Manufacturing (Factory based),C,Manufacturing
1172,Cake and Pastry Manufacturing (Factory based),C,Manufacturing
1173,Biscuit Manufacturing (Factory based),C,Manufacturing
1174,Bakery Product Manufacturing (Non-factory based),C,Manufacturing
1180,"Sugar and Confectionery Manufacturing, nfd",C,Manufacturing
1181,Sugar Manufacturing,C,Manufacturing
1182,Confectionery Manufacturing,C,Manufacturing
1190,"Other Food Product Manufacturing, nfd",C,Manufacturing
1191,"Potato, Corn and Other Crisp Manufacturing",C,Manufacturing
1192,Prepared Animal and Bird Feed Manufacturing,C,Manufacturing
1199,Other Food Product Manufacturing nec,C,Manufacturing
1200,"Beverage and Tobacco Product Manufacturing, nfd",C,Manufacturing
1210,"Beverage Manufacturing, nfd",C,Manufacturing
1211,"Soft Drink, Cordial and Syrup Manufacturing",C,Manufacturing
1212,Beer Manufacturing,C,Manufacturing
1213,Spirit Manufacturing,C,Manufacturing
1214,Wine and Other Alcoholic Beverage Manufacturing,C,Manufacturing
1220,Cigarette and Tobacco Product Manufacturing,C,Manufacturing
1300,"Textile, Leather, Clothing and Footwear Manufacturing, nfd",C,Manufacturing
1310,"Textile Manufacturing, nfd",C,Manufacturing
1311,Wool Scouring,C,Manufacturing
1312,Natural Textile Manufacturing,C,Manufacturing
1313,Synthetic Textile Manufacturing,C,Manufacturing
1320,"Leather Tanning, Fur Dressing and Leather Product Manufacturing",C,Manufacturing
1330,"Textile Product Manufacturing, nfd",C,Manufacturing
1331,Textile Floor Covering Manufacturing,C,Manufacturing
1332,"Rope, Cordage and Twine Manufacturing",C,Manufacturing
1333,Cut and Sewn Textile Product Manufacturing,C,Manufacturing
1334,Textile Finishing and Other Textile Product Manufacturing,C,Manufacturing
1340,Knitted Product Manufacturing,C,Manufacturing
1350,"Clothing and Footwear Manufacturing, nfd",C,Manufacturing
1351,Clothing Manufacturing,C,Manufacturing
1352,Footwear Manufacturing,C,Manufacturing
1400,"Wood Product Manufacturing, nfd",C,Manufacturing
1410,"Log Sawmilling and Timber Dressing, nfd",C,Manufacturing
1411,Log Sawmilling,C,Manufacturing
1412,Wood Chipping,C,Manufacturing
1413,Timber Resawing and Dressing,C,Manufacturing
1490,"Other Wood Product Manufacturing, nfd",C,Manufacturing
1491,Prefabricated Wooden Building Manufacturing,C,Manufacturing
1492,Wooden Structural Fitting and Component Manufacturing,C,Manufacturing
1493,Veneer and Plywood Manufacturing,C,Manufacturing
1494,Reconstituted Wood Product Manufacturing,C,Manufacturing
1499,Other Wood Product Manufacturing nec,C,Manufacturing
1500,"Pulp, Paper and Converted Paper Product Manufacturing, nfd",C,Manufacturing
1510,"Pulp, Paper and Paperboard Manufacturing",C,Manufacturing
1520,"Converted Paper Product Manufacturing, nfd",C,Manufacturing
1521,Corrugated Paperboard and Paperboard Container Manufacturing,C,Manufacturing
1522,Paper Bag Manufacturing,C,Manufacturing
1523,Paper Stationery Manufacturing,C,Manufacturing
1524,Sanitary Paper Product Manufacturing,C,Manufacturing
1529,Other Converted Paper Product Manufacturing,C,Manufacturing
1600,"Printing (including the Reproduction of Recorded Media), nfd",C,Manufacturing
1610,"Printing and Printing Support Services, nfd",C,Manufacturing
1611,Printing,C,Manufacturing
1612,Printing Support Services,C,Manufacturing
1620,Reproduction of Recorded Media,C,Manufacturing
1700,"Petroleum and Coal Product Manufacturing, nfd",C,Manufacturing
1701,Petroleum Refining and Petroleum Fuel Manufacturing,C,Manufacturing
1709,Other Petroleum and Coal Product Manufacturing,C,Manufacturing
1800,"Basic Chemical and Chemical Product Manufacturing, nfd",C,Manufacturing
1810,"Basic Chemical Manufacturing, nfd",C,Manufacturing
1811,Industrial Gas Manufacturing,C,Manufacturing
1812,Basic Organic Chemical Manufacturing,C,Manufacturing
1813,Basic Inorganic Chemical Manufacturing,C,Manufacturing
1820,"Basic Polymer Manufacturing, nfd",C,Manufacturing
1821,Synthetic Resin and Synthetic Rubber Manufacturing,C,Manufacturing
1829,Other Basic Polymer Manufacturing,C,Manufacturing
1830,"Fertiliser and Pesticide Manufacturing, nfd",C,Manufacturing
1831,Fertiliser Manufacturing,C,Manufacturing
1832,Pesticide Manufacturing,C,Manufacturing
1840,"Pharmaceutical and Medicinal Product Manufacturing, nfd",C,Manufacturing
1841,Human Pharmaceutical and Medicinal Product Manufacturing,C,Manufacturing
1842,Veterinary Pharmaceutical and Medicinal Product Manufacturing,C,Manufacturing
1850,"Cleaning Compound and Toiletry Preparation Manufacturing, nfd",C,Manufacturing
1851,Cleaning Compound Manufacturing,C,Manufacturing
1852,Cosmetic and Toiletry Preparation Manufacturing,C,Manufacturing
1890,"Other Basic Chemical Product Manufacturing, nfd",C,Manufacturing
1891,Photographic Chemical Product Manufacturing,C,Manufacturing
1892,Explosive Manufacturing,C,Manufacturing
1899,Other Basic Chemical Product Manufacturing nec,C,Manufacturing
1900,"Polymer Product and Rubber Product Manufacturing, nfd",C,Manufacturing
1910,"Polymer Product Manufacturing, nfd",C,Manufacturing
1911,Polymer Film and Sheet Packaging Material Manufacturing,C,Manufacturing
1912,Rigid and Semi-Rigid Polymer Product Manufacturing,C,Manufacturing
1913,Polymer Foam Product Manufacturing,C,Manufacturing
1914,Tyre Manufacturing,C,Manufacturing
1915,Adhesive Manufacturing,C,Manufacturing
1916,Paint and Coatings Manufacturing,C,Manufacturing
1919,Other Polymer Product Manufacturing,C,Manufacturing
1920,Natural Rubber Product Manufacturing,C,Manufacturing
2000,"Non-Metallic Mineral Product Manufacturing, nfd",C,Manufacturing
2010,Glass and Glass Product Manufacturing,C,Manufacturing
2020,"Ceramic Product Manufacturing, nfd",C,Manufacturing
2021,Clay Brick Manufacturing,C,Manufacturing
2029,Other Ceramic Product Manufacturing,C,Manufacturing
2030,"Cement, Lime, Plaster and Concrete Product Manufacturing, nfd",C,Manufacturing
2031,Cement and Lime Manufacturing,C,Manufacturing
2032,Plaster Product Manufacturing,C,Manufacturing
2033,Ready-Mixed Concrete Manufacturing,C,Manufacturing
2034,Concrete Product Manufacturing,C,Manufacturing
2090,Other Non-Metallic Mineral Product Manufacturing,C,Manufacturing
2100,"Primary Metal and Metal Product Manufacturing, nfd",C,Manufacturing
2110,Iron Smelting and Steel Manufacturing,C,Manufacturing
2120,"Basic Ferrous Metal Product Manufacturing, nfd",C,Manufacturing
2121,Iron and Steel Casting,C,Manufacturing
2122,Steel Pipe and Tube Manufacturing,C,Manufacturing
2130,"Basic Non-Ferrous Metal Manufacturing, nfd",C,Manufacturing
2131,Alumina Production,C,Manufacturing
2132,Aluminium Smelting,C,Manufacturing
2133,"Copper, Silver, Lead and Zinc Smelting and Refining",C,Manufacturing
2139,Other Basic Non-Ferrous Metal Manufacturing,C,Manufacturing
2140,"Basic Non-Ferrous Metal Product Manufacturing, nfd",C,Manufacturing
2141,Non-Ferrous Metal Casting,C,Manufacturing
2142,"Aluminium Rolling, Drawing, Extruding",C,Manufacturing
2149,Other Basic Non-Ferrous Metal Product Manufacturing,C,Manufacturing
2200,"Fabricated Metal Product Manufacturing, nfd",C,Manufacturing
2210,Iron and Steel Forging,C,Manufacturing
2220,"Structural Metal Product Manufacturing, nfd",C,Manufacturing
2221,Structural Steel Fabricating,C,Manufacturing
2222,Prefabricated Metal Building Manufacturing,C,Manufacturing
2223,Architectural Aluminium Product Manufacturing,C,Manufacturing
2224,Metal Roof and Guttering Manufacturing (except Aluminium),C,Manufacturing
2229,Other Structural Metal Product Manufacturing,C,Manufacturing
2230,"Metal Container Manufacturing, nfd",C,Manufacturing
2231,"Boiler, Tank and Other Heavy Gauge Metal Container Manufacturing",C,Manufacturing
2239,Other Metal Container Manufacturing,C,Manufacturing
2240,Sheet Metal Product Manufacturing (except Metal Structural and Container Products),C,Manufacturing
2290,"Other Fabricated Metal Product Manufacturing, nfd",C,Manufacturing
2291,Spring and Wire Product Manufacturing,C,Manufacturing
2292,"Nut, Bolt, Screw and Rivet Manufacturing",C,Manufacturing
2293,Metal Coating and Finishing,C,Manufacturing
2299,Other Fabricated Metal Product Manufacturing nec,C,Manufacturing
2300,"Transport Equipment Manufacturing, nfd",C,Manufacturing
2310,"Motor Vehicle and Motor Vehicle Part Manufacturing, nfd",C,Manufacturing
2311,Motor Vehicle Manufacturing,C,Manufacturing
2312,Motor Vehicle Body and Trailer Manufacturing,C,Manufacturing
2313,Automotive Electrical Component Manufacturing,C,Manufacturing
2319,Other Motor Vehicle Parts Manufacturing,C,Manufacturing
2390,"Other Transport Equipment Manufacturing, nfd",C,Manufacturing
2391,Shipbuilding and Repair Services,C,Manufacturing
2392,Boatbuilding and Repair Services,C,Manufacturing
2393,Railway Rolling Stock Manufacturing and Repair Services,C,Manufacturing
2394,Aircraft Manufacturing and Repair Services,C,Manufacturing
2399,Other Transport Equipment Manufacturing nec,C,Manufacturing
2400,"Machinery and Equipment Manufacturing, nfd",C,Manufacturing
2410,"Professional and Scientific Equipment Manufacturing, nfd",C,Manufacturing
2411,"Photographic, Optical and Ophthalmic Equipment Manufacturing",C,Manufacturing
2412,Medical and Surgical Equipment Manufacturing,C,Manufacturing
2419,Other Professional and Scientific Equipment Manufacturing,C,Manufacturing
2420,"Computer and Electronic Equipment Manufacturing, nfd",C,Manufacturing
2421,Computer and Electronic Office Equipment Manufacturing,C,Manufacturing
2422,Communication Equipment Manufacturing,C,Manufacturing
2429,Other Electronic Equipment Manufacturing,C,Manufacturing
2430,"Electrical Equipment Manufacturing, nfd",C,Manufacturing
2431,Electric Cable and Wire Manufacturing,C,Manufacturing
2432,Electric Lighting Equipment Manufacturing,C,Manufacturing
2439,Other Electrical Equipment Manufacturing,C,Manufacturing
2440,"Domestic Appliance Manufacturing, nfd",C,Manufacturing
2441,Whiteware Appliance Manufacturing,C,Manufacturing
2449,Other Domestic Appliance Manufacturing,C,Manufacturing
2450,"Pump, Compressor, Heating and Ventilation Equipment Manufacturing, nfd",C,Manufacturing
2451,Pump and Compressor Manufacturing,C,Manufacturing
2452,"Fixed Space Heating, Cooling and Ventilation Equipment Manufacturing",C,Manufacturing
2460,"Specialised Machinery and Equipment Manufacturing, nfd",C,Manufacturing
2461,Agricultural Machinery and Equipment Manufacturing,C,Manufacturing
2462,Mining and Construction Machinery Manufacturing,C,Manufacturing
2463,Machine Tool and Parts Manufacturing,C,Manufacturing
2469,Other Specialised Machinery and Equipment Manufacturing,C,Manufacturing
2490,"Other Machinery and Equipment Manufacturing, nfd",C,Manufacturing
2491,Lifting and Material Handling Equipment Manufacturing,C,Manufacturing
2499,Other Machinery and Equipment Manufacturing nec,C,Manufacturing
2500,"Furniture and Other Manufacturing, nfd",C,Manufacturing
2510,"Furniture Manufacturing, nfd",C,Manufacturing
2511,Wooden Furniture and Upholstered Seat Manufacturing,C,Manufacturing
2512,Metal Furniture Manufacturing,C,Manufacturing
2513,Mattress Manufacturing,C,Manufacturing
2519,Other Furniture Manufacturing,C,Manufacturing
2590,"Other Manufacturing, nfd",C,Manufacturing
2591,Jewellery and Silverware Manufacturing,C,Manufacturing
2592,"Toy, Sporting and Recreational Product Manufacturing",C,Manufacturing
2599,Other Manufacturing nec,C,Manufacturing
D000,"Electricity, Gas, Water and Waste Services, nfd",D,"Electricity, gas, water and waste services"
2600,"Electricity Supply, nfd",D,"Electricity, gas, water and waste services"
2610,"Electricity Generation, nfd",D,"Electricity, gas, water and waste services"
2611,Fossil Fuel Electricity Generation,D,"Electricity, gas, water and waste services"
2612,Hydro-Electricity Generation,D,"Electricity, gas, water and waste services"
2619,Other Electricity Generation,D,"Electricity, gas, water and waste services"
2620,Electricity Transmission,D,"Electricity, gas, water and waste services"
2630,Electricity Distribution,D,"Electricity, gas, water and waste services"
2640,On Selling Electricity and Electricity Market Operation,D,"Electricity, gas, water and waste services"
2700,Gas Supply,D,"Electricity, gas, water and waste services"
2810,"Water Supply, Sewerage and Drainage Services, nfd",D,"Electricity, gas, water and waste services"
2811,Water Supply,D,"Electricity, gas, water and waste services"
2812,Sewerage and Drainage Services,D,"Electricity, gas, water and waste services"
2900,"Waste Collection, Treatment and Disposal Services, nfd",D,"Electricity, gas, water and waste services"
2910,"Waste Collection Services, nfd",D,"Electricity, gas, water and waste services"
2911,Solid Waste Collection Services,D,"Electricity, gas, water and waste services"
2919,Other Waste Collection Services,D,"Electricity, gas, water and waste services"
2920,"Waste Treatment, Disposal and Remediation Services, nfd",D,"Electricity, gas, water and waste services"
2921,Waste Treatment and Disposal Services,D,"Electricity, gas, water and waste services"
2922,Waste Remediation and Materials Recovery Services,D,"Electricity, gas, water and waste services"
E000,"Construction, nfd",E,Construction
3000,"Building Construction, nfd",E,Construction
3010,"Residential Building Construction, nfd",E,Construction
3011,House Construction,E,Construction
3019,Other Residential Building Construction,E,Construction
3020,Non-Residential Building Construction,E,Construction
3100,"Heavy and Civil Engineering Construction, nfd",E,Construction
3101,Road and Bridge Construction,E,Construction
3109,Other Heavy and Civil Engineering Construction,E,Construction
3200,"Construction Services, nfd",E,Construction
3210,"Land Development and Site Preparation Services, nfd",E,Construction
3211,Land Development and Subdivision,E,Construction
3212,Site Preparation Services,E,Construction
3220,"Building Structure Services, nfd",E,Construction
3221,Concreting Services,E,Construction
3222,Bricklaying Services,E,Construction
3223,Roofing Services,E,Construction
3224,Structural Steel Erection Services,E,Construction
3230,"Building Installation Services, nfd",E,Construction
3231,Plumbing Services,E,Construction
3232,Electrical Services,E,Construction
3233,Air Conditioning and Heating Services,E,Construction
3234,Fire and Security Alarm Installation Services,E,Construction
3239,Other Building Installation Services,E,Construction
3240,"Building Completion Services, nfd",E,Construction
3241,Plastering and Ceiling Services,E,Construction
3242,Carpentry Services,E,Construction
3243,Tiling and Carpeting Services,E,Construction
3244,Painting and Decorating Services,E,Construction
3245,Glazing Services,E,Construction
3290,"Other Construction Services, nfd",E,Construction
3291,Landscape Construction Services,E,Construction
3292,Hire of Construction Machinery with Operator,E,Construction
3299,Other Construction Services nec,E,Construction
F000,"Wholesale Trade, nfd",F,Wholesale trade
3300,"Basic Material Wholesaling, nfd",F,Wholesale trade
3310,"Agricultural Product Wholesaling, nfd",F,Wholesale trade
3311,Wool Wholesaling,F,Wholesale trade
3312,Cereal Grain Wholesaling,F,Wholesale trade
3319,Other Agricultural Product Wholesaling,F,Wholesale trade
3320,"Mineral, Metal and Chemical Wholesaling, nfd",F,Wholesale trade
3321,Petroleum Product Wholesaling,F,Wholesale trade
3322,Metal and Mineral Wholesaling,F,Wholesale trade
3323,Industrial and Agricultural Chemical Product Wholesaling,F,Wholesale trade
3330,"Timber and Hardware Goods Wholesaling, nfd",F,Wholesale trade
3331,Timber Wholesaling,F,Wholesale trade
3332,Plumbing Goods Wholesaling,F,Wholesale trade
3339,Other Hardware Goods Wholesaling,F,Wholesale trade
3400,"Machinery and Equipment Wholesaling, nfd",F,Wholesale trade
3410,"Specialised Industrial Machinery and Equipment Wholesaling, nfd",F,Wholesale trade
3411,Agricultural and Construction Machinery Wholesaling,F,Wholesale trade
3419,Other Specialised Industrial Machinery and Equipment Wholesaling,F,Wholesale trade
3490,"Other Machinery and Equipment Wholesaling, nfd",F,Wholesale trade
3491,Professional and Scientific Goods Wholesaling,F,Wholesale trade
3492,Computer and Computer Peripheral Wholesaling,F,Wholesale trade
3493,Telecommunication Goods Wholesaling,F,Wholesale trade
3494,Other Electrical and Electronic Goods Wholesaling,F,Wholesale trade
3499,Other Machinery and Equipment Wholesaling nec,F,Wholesale trade
3500,"Motor Vehicle and Motor Vehicle Parts Wholesaling, nfd",F,Wholesale trade
3501,Car Wholesaling,F,Wholesale trade
3502,Commercial Vehicle Wholesaling,F,Wholesale trade
3503,Trailer and Other Motor Vehicle Wholesaling,F,Wholesale trade
3504,Motor Vehicle New Parts Wholesaling,F,Wholesale trade
3505,Motor Vehicle Dismantling and Used Parts Wholesaling,F,Wholesale trade
3600,"Grocery, Liquor and Tobacco Product Wholesaling, nfd",F,Wholesale trade
3601,General Line Grocery Wholesaling,F,Wholesale trade
3602,"Meat, Poultry and Smallgoods Wholesaling",F,Wholesale trade
3603,Dairy Produce Wholesaling,F,Wholesale trade
3604,Fish and Seafood Wholesaling,F,Wholesale trade
3605,Fruit and Vegetable Wholesaling,F,Wholesale trade
3606,Liquor and Tobacco Product Wholesaling,F,Wholesale trade
3609,Other Grocery Wholesaling,F,Wholesale trade
3700,"Other Goods Wholesaling, nfd",F,Wholesale trade
3710,"Textile, Clothing and Footwear Wholesaling, nfd",F,Wholesale trade
3711,Textile Product Wholesaling,F,Wholesale trade
3712,Clothing and Footwear Wholesaling,F,Wholesale trade
3720,Pharmaceutical and Toiletry Goods Wholesaling,F,Wholesale trade
3730,"Furniture, Floor Covering and Other Goods Wholesaling, nfd",F,Wholesale trade
3731,Furniture and Floor Covering Wholesaling,F,Wholesale trade
3732,Jewellery and Watch Wholesaling,F,Wholesale trade
3733,Kitchen and Diningware Wholesaling,F,Wholesale trade
3734,Toy and Sporting Goods Wholesaling,F,Wholesale trade
3735,Book and Magazine Wholesaling,F,Wholesale trade
3736,Paper Product Wholesaling,F,Wholesale trade
3739,Other Goods Wholesaling nec,F,Wholesale trade
3800,Commission-Based Wholesaling,F,Wholesale trade
G000,"Retail Trade, nfd",G,Retail trade
3900,"Motor Vehicle and Motor Vehicle Parts Retailing, nfd",G,Retail trade
3910,"Motor Vehicle Retailing, nfd",G,Retail trade
3911,Car Retailing,G,Retail trade
3912,Motor Cycle Retailing,G,Retail trade
3913,Trailer and Other Motor Vehicle Retailing,G,Retail trade
3920,"Motor Vehicle Parts and Tyre Retailing, nfd",G,Retail trade
3921,Motor Vehicle Parts Retailing,G,Retail trade
3922,Tyre Retailing,G,Retail trade
4000,Fuel Retailing,G,Retail trade
4100,"Food Retailing, nfd",G,Retail trade
4110,Supermarket and Grocery Stores,G,Retail trade
4120,"Specialised Food Retailing, nfd",G,Retail trade
4121,"Fresh Meat, Fish and Poultry Retailing",G,Retail trade
4122,Fruit and Vegetable Retailing,G,Retail trade
4123,Liquor Retailing,G,Retail trade
4129,Other Specialised Food Retailing,G,Retail trade
4200,"Other Store-Based Retailing, nfd",G,Retail trade
4210,"Furniture, Floor Coverings, Houseware and Textile Goods Retailing, nfd",G,Retail trade
4211,Furniture Retailing,G,Retail trade
4212,Floor Coverings Retailing,G,Retail trade
4213,Houseware Retailing,G,Retail trade
4214,Manchester and Other Textile Goods Retailing,G,Retail trade
4220,"Electrical and Electronic Goods Retailing, nfd",G,Retail trade
4221,"Electrical, Electronic and Gas Appliance Retailing",G,Retail trade
4222,Computer and Computer Peripheral Retailing,G,Retail trade
4229,Other Electrical and Electronic Goods Retailing,G,Retail trade
4230,"Hardware, Building and Garden Supplies Retailing, nfd",G,Retail trade
4231,Hardware and Building Supplies Retailing,G,Retail trade
4232,Garden Supplies Retailing,G,Retail trade
4240,"Recreational Goods Retailing, nfd",G,Retail trade
4241,Sport and Camping Equipment Retailing,G,Retail trade
4242,Entertainment Media Retailing,G,Retail trade
4243,Toy and Game Retailing,G,Retail trade
4244,Newspaper and Book Retailing,G,Retail trade
4245,Marine Equipment Retailing,G,Retail trade
4250,"Clothing, Footwear and Personal Accessory Retailing, nfd",G,Retail trade
4251,Clothing Retailing,G,Retail trade
4252,Footwear Retailing,G,Retail trade
4253,Watch and Jewellery Retailing,G,Retail trade
4259,Other Personal Accessory Retailing,G,Retail trade
4260,Department Stores,G,Retail trade
4270,"Pharmaceutical and Other Store-Based Retailing, nfd",G,Retail trade
4271,"Pharmaceutical, Cosmetic and Toiletry Goods Retailing",G,Retail trade
4272,Stationery Goods Retailing,G,Retail trade
4273,Antique and Used Goods Retailing,G,Retail trade
4274,Flower Retailing,G,Retail trade
4279,Other Store-Based Retailing nec,G,Retail trade
4300,"Non-Store Retailing and Retail Commission-Based Buying and/or Selling, nfd",G,Retail trade
4310,Non-Store Retailing,G,Retail trade
4320,Retail Commission-Based Buying and/or Selling,G,Retail trade
H000,"Accommodation and Food Services, nfd",H,Accommodation and food services
4400,Accommodation,H,Accommodation and food services
4500,"Food and Beverage Services, nfd",H,Accommodation and food services
4510,"Cafes, Restaurants and Takeaway Food Services, nfd",H,Accommodation and food services
4511,Cafes and Restaurants,H,Accommodation and food services
4512,Takeaway Food Services,H,Accommodation and food services
4513,Catering Services,H,Accommodation and food services
4520,"Pubs, Taverns and Bars",H,Accommodation and food services
4530,Clubs (Hospitality),H,Accommodation and food services
I000,"Transport, Postal and Warehousing, nfd",I,"Transport, postal and warehousing"
4600,"Road Transport, nfd",I,"Transport, postal and warehousing"
4610,Road Freight Transport,I,"Transport, postal and warehousing"
4620,"Road Passenger Transport, nfd",I,"Transport, postal and warehousing"
4621,Interurban and Rural Bus Transport,I,"Transport, postal and warehousing"
4622,Urban Bus Transport (Including Tramway),I,"Transport, postal and warehousing"
4623,Taxi and Other Road Transport,I,"Transport, postal and warehousing"
4700,"Rail Transport, nfd",I,"Transport, postal and warehousing"
4710,Rail Freight Transport,I,"Transport, postal and warehousing"
4720,Rail Passenger Transport,I,"Transport, postal and warehousing"
4800,"Water Transport, nfd",I,"Transport, postal and warehousing"
4810,Water Freight Transport,I,"Transport, postal and warehousing"
4820,Water Passenger Transport,I,"Transport, postal and warehousing"
4900,Air and Space Transport,I,"Transport, postal and warehousing"
5000,"Other Transport, nfd",I,"Transport, postal and warehousing"
5010,Scenic and Sightseeing Transport,I,"Transport, postal and warehousing"
5020,"Pipeline and Other Transport, nfd",I,"Transport, postal and warehousing"
5021,Pipeline Transport,I,"Transport, postal and warehousing"
5029,Other Transport nec,I,"Transport, postal and warehousing"
5100,"Postal and Courier Pick-up and Delivery Services, nfd",I,"Transport, postal and warehousing"
5101,Postal Services,I,"Transport, postal and warehousing"
5102,Courier Pick-up and Delivery Services,I,"Transport, postal and warehousing"
5200,"Transport Support Services, nfd",I,"Transport, postal and warehousing"
5210,"Water Transport Support Services, nfd",I,"Transport, postal and warehousing"
5211,Stevedoring Services,I,"Transport, postal and warehousing"
5212,Port and Water Transport Terminal Operations,I,"Transport, postal and warehousing"
5219,Other Water Transport Support Services,I,"Transport, postal and warehousing"
5220,Airport Operations and Other Air Transport Support Services,I,"Transport, postal and warehousing"
5290,"Other Transport Support Services, nfd",I,"Transport, postal and warehousing"
5291,Customs Agency Services,I,"Transport, postal and warehousing"
5292,Freight Forwarding Services,I,"Transport, postal and warehousing"
5299,Other Transport Support Services nec,I,"Transport, postal and warehousing"
5300,"Warehousing and Storage Services, nfd",I,"Transport, postal and warehousing"
5301,Grain Storage Services,I,"Transport, postal and warehousing"
5309,Other Warehousing and Storage Services,I,"Transport, postal and warehousing"
J000,"Information Media and Telecommunications, nfd",J,Information media and telecommunications
5400,"Publishing (except Internet and Music Publishing), nfd",J,Information media and telecommunications
5410,"Newspaper, Periodical, Book and Directory Publishing, nfd",J,Information media and telecommunications
5411,Newspaper Publishing,J,Information media and telecommunications
5412,Magazine and Other Periodical Publishing,J,Information media and telecommunications
5413,Book Publishing,J,Information media and telecommunications
5414,Directory and Mailing List Publishing,J,Information media and telecommunications
5419,"Other Publishing (except Software, Music and Internet)",J,Information media and telecommunications
5420,Software Publishing,J,Information media and telecommunications
5500,"Motion Picture and Sound Recording Activities, nfd",J,Information media and telecommunications
5510,"Motion Picture and Video Activities, nfd",J,Information media and telecommunications
5511,Motion Picture and Video Production,J,Information media and telecommunications
5512,Motion Picture and Video Distribution,J,Information media and telecommunications
5513,Motion Picture Exhibition,J,Information media and telecommunications
5514,Post-production Services and Other Motion Picture and Video Activities,J,Information media and telecommunications
5520,"Sound Recording and Music Publishing, nfd",J,Information media and telecommunications
5521,Music Publishing,J,Information media and telecommunications
5522,Music and Other Sound Recording Activities,J,Information media and telecommunications
5600,"Broadcasting (except Internet), nfd",J,Information media and telecommunications
5610,Radio Broadcasting,J,Information media and telecommunications
5620,"Television Broadcasting, nfd",J,Information media and telecommunications
5621,Free-to-Air Television Broadcasting,J,Information media and telecommunications
5622,Cable and Other Subscription Broadcasting,J,Information media and telecommunications
5700,Internet Publishing and Broadcasting,J,Information media and telecommunications
5800,"Telecommunications Services, nfd",J,Information media and telecommunications
5801,Wired Telecommunications Network Operation,J,Information media and telecommunications
5802,Other Telecommunications Network Operation,J,Information media and telecommunications
5809,Other Telecommunications Services,J,Information media and telecommunications
5900,"Internet Service Providers, Web Search Portals and Data Processing Services, nfd",J,Information media and telecommunications
5910,Internet Service Providers and Web Search Portals,J,Information media and telecommunications
5920,"Data Processing, Web Hosting and Electronic Information Storage Services, nfd",J,Information media and telecommunications
5921,Data Processing and Web Hosting Services,J,Information media and telecommunications
5922,Electronic Information Storage Services,J,Information media and telecommunications
6000,"Library and Other Information Services, nfd",J,Information media and telecommunications
6010,Libraries and Archives,J,Information media and telecommunications
6020,Other Information Services,J,Information media and telecommunications
K000,"Financial and Insurance Services, nfd",K,Financial and insurance services
6200,"Finance, nfd",K,Financial and insurance services
6210,Central Banking,K,Financial and insurance services
6220,"Depository Financial Intermediation, nfd",K,Financial and insurance services
6221,Banking,K,Financial and insurance services
6222,Building Society Operation,K,Financial and insurance services
6223,Credit Union Operation,K,Financial and insurance services
6229,Other Depository Financial Intermediation,K,Financial and insurance services
6230,Non-Depository Financing,K,Financial and insurance services
6240,Financial Asset Investing,K,Financial and insurance services
6300,"Insurance and Superannuation Funds, nfd",K,Financial and insurance services
6310,Life Insurance,K,Financial and insurance services
6320,"Health and General Insurance, nfd",K,Financial and insurance services
6321,Health Insurance,K,Financial and insurance services
6322,General Insurance,K,Financial and insurance services
6330,Superannuation Funds,K,Financial and insurance services
6400,"Auxiliary Finance and Insurance Services, nfd",K,Financial and insurance services
6410,"Auxiliary Finance and Investment Services, nfd",K,Financial and insurance services
6411,Financial Asset Broking Services,K,Financial and insurance services
6419,Other Auxiliary Finance and Investment Services,K,Financial and insurance services
6420,Auxiliary Insurance Services,K,Financial and insurance services
L000,"Rental, Hiring and Real Estate Services, nfd",L,"Rental, hiring and real estate services"
6600,"Rental and Hiring Services (except Real Estate), nfd",L,"Rental, hiring and real estate services"
6610,"Motor Vehicle and Transport Equipment Rental and Hiring, nfd",L,"Rental, hiring and real estate services"
6611,Passenger Car Rental and Hiring,L,"Rental, hiring and real estate services"
6619,Other Motor Vehicle and Transport Equipment Rental and Hiring,L,"Rental, hiring and real estate services"
6620,Farm Animal and Bloodstock Leasing,L,"Rental, hiring and real estate services"
6630,"Other Goods and Equipment Rental and Hiring, nfd",L,"Rental, hiring and real estate services"
6631,Heavy Machinery and Scaffolding Rental and Hiring,L,"Rental, hiring and real estate services"
6632,Video and Other Electronic Media Rental and Hiring,L,"Rental, hiring and real estate services"
6639,Other Goods and Equipment Rental and Hiring nec,L,"Rental, hiring and real estate services"
6640,Non-Financial Intangible Assets (except Copyrights) Leasing,L,"Rental, hiring and real estate services"
6700,"Property Operators and Real Estate Services, nfd",L,"Rental, hiring and real estate services"
6710,"Property Operators, nfd",L,"Rental, hiring and real estate services"
6711,Residential Property Operators,L,"Rental, hiring and real estate services"
6712,Non-Residential Property Operators,L,"Rental, hiring and real estate services"
6720,Real Estate Services,L,"Rental, hiring and real estate services"
M000,"Professional, Scientific and Technical Services, nfd",M,"Professional, scientific and technical services"
6900,"Professional, Scientific and Technical Services (except Computer System Design and Related Services), nfd",M,"Professional, scientific and technical services"
6910,Scientific Research Services,M,"Professional, scientific and technical services"
6920,"Architectural, Engineering and Technical Services, nfd",M,"Professional, scientific and technical services"
6921,Architectural Services,M,"Professional, scientific and technical services"
6922,Surveying and Mapping Services,M,"Professional, scientific and technical services"
6923,Engineering Design and Engineering Consulting Services,M,"Professional, scientific and technical services"
6924,Other Specialised Design Services,M,"Professional, scientific and technical services"
6925,Scientific Testing and Analysis Services,M,"Professional, scientific and technical services"
6930,"Legal and Accounting Services, nfd",M,"Professional, scientific and technical services"
6931,Legal Services,M,"Professional, scientific and technical services"
6932,Accounting Services,M,"Professional, scientific and technical services"
6940,Advertising Services,M,"Professional, scientific and technical services"
6950,Market Research and Statistical Services,M,"Professional, scientific and technical services"
6960,"Management and Related Consulting Services, nfd",M,"Professional, scientific and technical services"
6961,Corporate Head Office Management Services,M,"Professional, scientific and technical services"
6962,Management Advice and Related Consulting Services,M,"Professional, scientific and technical services"
6970,Veterinary Services,M,"Professional, scientific and technical services"
6990,"Other Professional, Scientific and Technical Services, nfd",M,"Professional, scientific and technical services"
6991,Professional Photographic Services,M,"Professional, scientific and technical services"
6999,"Other Professional, Scientific and Technical Services nec",M,"Professional, scientific and technical services"
7000,Computer System Design and Related Services,M,"Professional, scientific and technical services"
N000,"Administrative and Support Services, nfd",N,Administrative and support services
7200,"Administrative Services, nfd",N,Administrative and support services
7210,"Employment Services, nfd",N,Administrative and support services
7211,Employment Placement and Recruitment Services,N,Administrative and support services
7212,Labour Supply Services,N,Administrative and support services
7220,Travel Agency and Tour Arrangement Services,N,Administrative and support services
7290,"Other Administrative Services, nfd",N,Administrative and support services
7291,Office Administrative Services,N,Administrative and support services
7292,Document Preparation Services,N,Administrative and support services
7293,Credit Reporting and Debt Collection Services,N,Administrative and support services
7294,Call Centre Operation,N,Administrative and support services
7299,Other Administrative Services nec,N,Administrative and support services
7300,"Building Cleaning, Pest Control and Other Support Services, nfd",N,Administrative and support services
7310,"Building Cleaning, Pest Control and Gardening Services, nfd",N,Administrative and support services
7311,Building and Other Industrial Cleaning Services,N,Administrative and support services
7312,Building Pest Control Services,N,Administrative and support services
7313,Gardening Services,N,Administrative and support services
7320,Packaging Services,N,Administrative and support services
O000,"Public Administration and Safety, nfd",O,Public administration and safety
7500,"Public Administration, nfd",O,Public administration and safety
7510,Central Government Administration,O,Public administration and safety
7520,State Government Administration,O,Public administration and safety
7530,Local Government Administration,O,Public administration and safety
7540,Justice,O,Public administration and safety
7550,"Government Representation, nfd",O,Public administration and safety
7551,Domestic Government Representation,O,Public administration and safety
7552,Foreign Government Representation,O,Public administration and safety
7600,Defence,O,Public administration and safety
7700,"Public Order, Safety and Regulatory Services, nfd",O,Public administration and safety
7710,"Public Order and Safety Services, nfd",O,Public administration and safety
7711,Police Services,O,Public administration and safety
7712,Investigation and Security Services,O,Public administration and safety
7713,Fire Protection and Other Emergency Services,O,Public administration and safety
7714,Correctional and Detention Services,O,Public administration and safety
7719,Other Public Order and Safety Services,O,Public administration and safety
7720,Regulatory Services,O,Public administration and safety
P000,"Education and Training, nfd",P,Education and training
8000,"Preschool and School Education, nfd",P,Education and training
8010,Preschool Education,P,Education and training
8020,"School Education, nfd",P,Education and training
8021,Primary Education,P,Education and training
8022,Secondary Education,P,Education and training
8023,Combined Primary and Secondary Education,P,Education and training
8024,Special School Education,P,Education and training
8100,"Tertiary Education, nfd",P,Education and training
8101,Technical and Vocational Education and Training,P,Education and training
8102,Higher Education,P,Education and training
8200,"Adult, Community and Other Education, nfd",P,Education and training
8210,"Adult, Community and Other Education, nfd",P,Education and training
8211,Sports and Physical Recreation Instruction,P,Education and training
8212,Arts Education,P,Education and training
8219,"Adult, Community and Other Education nec",P,Education and training
8220,Educational Support Services,P,Education and training
Q000,"Health Care and Social Assistance, nfd",Q,Health care and social assistance
8400,"Hospitals, nfd",Q,Health care and social assistance
8401,Hospitals (except Psychiatric Hospitals),Q,Health care and social assistance
8402,Psychiatric Hospitals,Q,Health care and social assistance
8500,"Medical and Other Health Care Services, nfd",Q,Health care and social assistance
8510,"Medical Services, nfd",Q,Health care and social assistance
8511,General Practice Medical Services,Q,Health care and social assistance
8512,Specialist Medical Services,Q,Health care and social assistance
8520,Pathology and Diagnostic Imaging Services,Q,Health care and social assistance
8530,"Allied Health Services, nfd",Q,Health care and social assistance
8531,Dental Services,Q,Health care and social assistance
8532,Optometry and Optical Dispensing,Q,Health care and social assistance
8533,Physiotherapy Services,Q,Health care and social assistance
8534,Chiropractic and Osteopathic Services,Q,Health care and social assistance
8539,Other Allied Health Services,Q,Health care and social assistance
8590,"Other Health Care Services, nfd",Q,Health care and social assistance
8591,Ambulance Services,Q,Health care and social assistance
8599,Other Health Care Services nec,Q,Health care and social assistance
8600,"Residential Care Services, nfd",Q,Health care and social assistance
8601,Aged Care Residential Services,Q,Health care and social assistance
8609,Other Residential Care Services,Q,Health care and social assistance
8700,"Social Assistance Services, nfd",Q,Health care and social assistance
8710,Child Care Services,Q,Health care and social assistance
8790,Other Social Assistance Services,Q,Health care and social assistance
R000,"Arts and Recreation Services, nfd",R,Arts and recreation services
8900,"Heritage Activities, nfd",R,Arts and recreation services
8910,Museum Operation,R,Arts and recreation services
8920,"Parks and Gardens Operations, nfd",R,Arts and recreation services
8921,Zoological and Botanical Gardens Operation,R,Arts and recreation services
8922,Nature Reserves and Conservation Parks Operation,R,Arts and recreation services
9000,"Creative and Performing Arts Activities, nfd",R,Arts and recreation services
9001,Performing Arts Operation,R,Arts and recreation services
9002,"Creative Artists, Musicians, Writers and Performers",R,Arts and recreation services
9003,Performing Arts Venue Operation,R,Arts and recreation services
9100,"Sports and Recreation Activities, nfd",R,Arts and recreation services
9110,"Sports and Physical Recreation Activities, nfd",R,Arts and recreation services
9111,Health and Fitness Centres and Gymnasia Operation,R,Arts and recreation services
9112,Sports and Physical Recreation Clubs and Sports Professionals,R,Arts and recreation services
9113,"Sports and Physical Recreation Venues, Grounds and Facilities Operation",R,Arts and recreation services
9114,Sports and Physical Recreation Administrative Service,R,Arts and recreation services
9120,"Horse and Dog Racing Activities, nfd",R,Arts and recreation services
9121,Horse and Dog Racing Administration and Track Operation,R,Arts and recreation services
9129,Other Horse and Dog Racing Activities,R,Arts and recreation services
9130,"Amusement and Other Recreation Activities, nfd",R,Arts and recreation services
9131,Amusement Parks and Centres Operation,R,Arts and recreation services
9139,Amusement and Other Recreational Activities nec,R,Arts and recreation services
9200,"Gambling Activities, nfd",R,Arts and recreation services
9201,Casino Operation,R,Arts and recreation services
9202,Lottery Operation,R,Arts and recreation services
9209,Other Gambling Activities,R,Arts and recreation services
S000,"Other Services, nfd",S,Other services
9400,"Repair and Maintenance, nfd",S,Other services
9410,"Automotive Repair and Maintenance, nfd",S,Other services
9411,Automotive Electrical Services,S,Other services
9412,"Automotive Body, Paint and Interior Repair",S,Other services
9419,Other Automotive Repair and Maintenance,S,Other services
9420,"Machinery and Equipment Repair and Maintenance, nfd",S,Other services
9421,Domestic Appliance Repair and Maintenance,S,Other services
9422,Electronic (except Domestic Appliance) and Precision Equipment Repair and Maintenance,S,Other services
9429,Other Machinery and Equipment Repair and Maintenance,S,Other services
9490,"Other Repair and Maintenance, nfd",S,Other services
9491,Clothing and Footwear Repair,S,Other services
9499,Other Repair and Maintenance nec,S,Other services
9500,"Personal and Other Services, nfd",S,Other services
9510,"Personal Care Services, nfd",S,Other services
9511,Hairdressing and Beauty Services,S,Other services
9512,Diet and Weight Reduction Centre Operation,S,Other services
9520,"Funeral, Crematorium and Cemetery Services",S,Other services
9530,"Other Personal Services, nfd",S,Other services
9531,Laundry and Dry-Cleaning Services,S,Other services
9532,Photographic Film Processing,S,Other services
9533,Parking Services,S,Other services
9534,Brothel Keeping and Prostitution Services,S,Other services
9539,Other Personal Services nec,S,Other services
9540,Religious Services,S,Other services
9550,"Civic, Professional and Other Interest Group Services, nfd",S,Other services
9551,Business and Professional Association Services,S,Other services
9552,Labour Association Services,S,Other services
9559,Other Interest Group Services nec,S,Other services
9600,"Private Households Employing Staff and Undifferentiated Goods and Service-Producing Activities of Households for Own Use, nfd",S,Other services
9601,Private Households Employing Staff,S,Other services
9602,Undifferentiated Goods-Producing Activities of Households for Own Use,S,Other services
9603,Undifferentiated Service-Producing Activities of Households for Own Use,S,Other services
9900,Inadequately described,T,Inadequately Described
&&&&,Not stated,NA,NA
@@@@,Not applicable,NA,NA
VVVV,Overseas visitor,NA,NA
